,0,
0,,
1,WHITE HEART OF GLASS BRACELET,
2,PINK HEART OF GLASS BRACELET,
3,LONG SILVER NECKLACE PASTEL FLOWER,
4,GOLD/M.O.P PENDANT ORBIT NECKLACE,
5,SILVER/M.O.P PENDANT ORBIT NECKLACE,
6,FLORAL BATHROOM SET,
7,VINTAGE NOTEBOOK TRAVELOGUE,
8,BLACK DROP EARRINGS W LONG BEADS,
9,OOH LA LA DOGS COLLAR,
10,15 PINK FLUFFY CHICKS IN BOX,
11,ZINC HEART LATTICE TRAY OVAL ,
12,SET OF 6 ICE CREAM SKITTLES,
13,BLUE CUSHION COVER WITH FLOWER,
14,PINK YELLOW PATCH CUSHION COVER,
15,EAU DE NILE JEWELLED PHOTOFRAME,
16,PINK STRING CURTAIN WITH POLE,
17,A4 WALL TIDY RED FLOWERS,
18,INCENSE BAZAAR PEACH,
19,TRANQUILITY MASALA INCENSE,
20,OCEAN STRIPE HAMMOCK ,
21,ELEPHANT CLIP W SUCTION CUP,
22,CREAM SWEETHEART MAGAZINE RACK,
23,WHITE HYDRANGEA ART FLOWER,
24,CREAM CLIMBING HYDRANGA ART FLOWER,
25,BLUE STONES ON WIRE FOR CANDLE,
26,75 GREEN PETIT FOUR CASES,
27,SET/3 OCEAN SCENT CANDLE JEWEL BOX,
28,SET OF 4 FAIRY CAKE PLACEMATS,
29,PINK JEWELLED PHOTO FRAME ,
30,PINK GAUZE BUTTERFLY LAMPSHADE,
31,CHERRY BLOSSOM CANVAS ART PICTURE,
32,BOTANICAL LAVENDER GIFT WRAP ,
33,NECKLACE+BRACELET PINK BUTTERFLY,
34,ICE CREAM DESIGN GARDEN PARASOL,
35,SET 2 PANTRY DESIGN TEA TOWELS,
36,SET OF 16 VINTAGE RED CUTLERY,
37,SET OF 4 ENGLISH ROSE PLACEMATS,
38,METAL RABBIT LADDER EASTER ,
39,thrown away,1
40,COTTON APRON PANTRY DESIGN,
41,CANDY SPOT TEA COSY,
42,ICON MUG REVOLUTIONARY,
43,BOYS PARTY BAG,
44,GIRLS PARTY BAG,
45,"ACRYLIC JEWEL SNOWFLAKE, PINK",
46,"POCKET MIRROR ""GLAMOROUS""",
47,ENGLISH ROSE NOTEBOOK A7 SIZE,
48,LARGE ZINC GLASS CANDLEHOLDER,
49,VINYL RECORD FRAME SILVER,
50,"RETRO PILL BOX , REVOLUTIONARY",
51,PAINTED SEA SHELL METAL WINDCHIME,
52,FOLDING SHOE TIDY,
53,MADRAS NOTEBOOK MEDIUM,
54,SQUARE METAL CANDLEHOLDER BASE,
55,M/COLOUR POM-POM CURTAIN,
56,BLACK VINTAGE  CRYSTAL EARRINGS,
57,WHITE VINTAGE CRYSTAL EARRINGS,
58,WHITE VINT ART DECO CRYSTAL NECKLAC,
59,BLACK VINT ART DEC CRYSTAL NECKLACE,
60,NEW BAROQUE SMALL NECKLACE BLACK,
61,LILAC GAUZE BUTTERFLY LAMPSHADE,
62,PINK/PURPLE CIRCLE CURTAIN,
63,POTTING SHED ROSE CANDLE,
64,HEART BUTTONS JEWELLERY BOX,
65,NEW BAROQUE B'FLY NECKLACE RED,
66,PURPLE FOXGLOVE ARTIIFCIAL FLOWER,
67,PINK ALLIUM  ARTIFICIAL FLOWER,
68,GIANT MEDINA STAMPED METAL BOWL ,
69,PINK FLOWERS RABBIT EASTER,
70,PURPLE AMETHYST NECKLACE W TASSEL,
71,BLUE/NAT SHELL NECKLACE W PENDANT,
72,PINK DISCO HANDBAG,
73,FROSTED WHITE BASE ,
74,PANTRY SCRUBBING BRUSH,
75,SET OF 4 PANTRY JELLY MOULDS,
76,TRAVEL CARD WALLET FLOWER MEADOW,
77,TRAVEL CARD WALLET PANTRY,
78,TRAVEL CARD WALLET SKULLS,
79,TRAVEL CARD WALLET VINTAGE ROSE ,
80,TRAVEL CARD WALLET TRANSPORT,
81,TRAVEL CARD WALLET RETROSPOT,
82,TRAVEL CARD WALLET KEEP CALM,
83,SMALL MARSHMALLOWS PINK BOWL,
84,SMALL CHOCOLATES PINK BOWL,
85,GIRAFFE WOODEN RULER,
86,REVOLVER WOODEN RULER ,
87,TRAVEL CARD WALLET RETRO PETALS,
88,TRAVEL CARD WALLET SUKI,
89,TRAVEL CARD WALLET VINTAGE TICKET,
90,PANTRY ROLLING PIN,
91,TRAVEL CARD WALLET UNION JACK,
92,TRAVEL CARD WALLET I LOVE LONDON,
93,"RETRO TIN ASHTRAY,REVOLUTIONARY",
94,FRENCH FLORAL CUSHION COVER ,
95,FUSCHIA TABLE RUN FLOWER ,
96,SET/6 POSIES PAPER CUPS,
97,PURPLE/BLUE CERAMIC CANDLE HOLDER,
98,PURPLE/COPPER HANGING LAMPSHADE,
99,PINK FLOCK GLASS CANDLEHOLDER,
100,S/3 PINK SQUARE PLANTERS ROSES,
101,BLUE WHITE PLASTIC RINGS LAMPSHADE,
102,WHITE VINTAGE CRYSTAL BRACELET,
103,GLASS BEAD HOOP NECKLACE AMETHYST,
104,RASPBERRY ANT COPPER FLOWER NECKLAC,
105,GLASS BEAD HOOP NECKLACE GREEN,
106,GLASS BEAD HOOP NECKLACE MONTANA,
107,PINK AND BLACK STRING CURTAIN,
108,PACK 20 DOLLY PEGS,
109,PINK HAWAIIAN PICNIC HAMPER FOR 2,
110,CREAM SWEETHEART TRAYS,
111,PINK RIVIERA HANDBAG,
112,TOP SECRET PEN SET,
113,BEACH HUT SHELF W 3 DRAWERS,
114,NECKLACE+BRACELET SET PINK DAISY,
115,PINK CHRYSANTHEMUMS ART FLOWER,
116,BEST DAD CANDLE LETTERS,
117,GROOVY CACTUS INFLATABLE,
118,HEAVENS SCENT FRAGRANCE OILS ASSTD,
119,SMALL SINGLE FLAME CANDLE HOLDER,
120,PINK MURANO TWIST NECKLACE,
121,ORANGE/WHT/FUSCHIA STONES NECKLACE,
122,RIVIERA NECKLACE,
123,CLASSIC DIAMANTE NECKLACE JET,
124,DIAMANTE NECKLACE,
125,CLASSIC DIAMANTE EARRINGS JET,
126,BLUE DROP EARRINGS W BEAD CLUSTER,
127,ANTIQUE RASPBERRY FLOWER EARRINGS,
128,PURPLE ANEMONE ARTIFICIAL FLOWER,
129,WHITE ALLIUM  ARTIFICIAL FLOWER,
130,TOILET SIGN OCCUPIED OR VACANT,
131,SMALL BLUE PROVENCAL CERAMIC BALL,
132,PANTRY WASHING UP BRUSH,
133,TREASURE ISLAND BOOK BOX,
134,BUFFALO BILL TREASURE BOOK BOX,
135,GYMKHANNA TREASURE BOOK BOX,
136,ABC TREASURE BOOK BOX ,
137,PANTRY PASTRY BRUSH,
138,DOLLCRAFT GIRL AMELIE KIT,
139,DOLLCRAFT GIRL NICOLE,
140,CLEAR STATIONERY BOX SET ,
141,SILVER/BLACK PENDANT ORBIT NECKLACE,
142,BAROQUE BUTTERFLY EARRINGS PINK,
143,FELTCRAFT GIRL NICOLE KIT,
144,FELTCRAFT BOY JEAN-PAUL KIT,
145,FELTCRAFT GIRL AMELIE KIT,
146,GYMKHANA TREASURE BOOK BOX,
147,MOTHER'S KITCHEN SPOON REST ,
148,CLOCK MAGNET MUM'S KITCHEN,
149,JAM CLOCK MAGNET,
150,PANTRY APPLE CORER,
151,WHITE WITH BLACK CATS PLATE,
152,MUM'S KITCHEN CLOCK,
153,RECYCLED ACAPULCO MAT RED,
154,RECYCLED ACAPULCO MAT PINK,
155,RECYCLED ACAPULCO MAT LAVENDER,
156,RECYCLED ACAPULCO MAT GREEN,
157,RECYCLED ACAPULCO MAT TURQUOISE,
158,RECYCLED ACAPULCO MAT BLUE,
159,"S/4 ICON COASTER,ELVIS LIVES",
160,DOLLCRAFT BOY JEAN-PAUL ,
161,FRENCH STYLE STORAGE JAR JAM,
162,BULL DOG BOTTLE OPENER,
163,PINK CRYSTAL GUITAR PHONE CHARM,
164,BLACK FEATHER CHRISTMAS DECORATION,
165,GLASS AND BEADS BRACELET IVORY,
166,PURPLE/TURQ FLOWERS HANDBAG,
167,Dotcomgiftshop Gift Voucher £10.00,1
168,CROCHET ROSE DES CLOTHES HANGER,
169,BLUE HOLE PUNCH,
170,BABY MOUSE RED GINGHAM DRESS,
171,BULL DOG BOTTLE TOP WALL CLOCK,
172,FRENCH STYLE STORAGE JAR BONBONS,
173,DOLLCRAFT GIRL AMELIE,
174,FRENCH STYLE STORAGE JAR CAFE ,
175,YELLOW/BLUE RETRO RADIO,
176,"RETRO PILL BOX KEY CHAIN,THE KING",
177,CIRCUS PARADE BABY GIFT SET,
178, SPACEBOY BABY GIFT SET,
179,I LOVE LONDON BABY GIFT SET,
180,DOLLY GIRL BABY GIFT SET,
181,throw away,1
182,ENGLISH ROSE NOTEBOOK A6 SIZE,
183,PASTEL PINK PHOTO ALBUM ,
184,BLUE POLKADOT BEAKER ,
185,BLUE FLYING SINGING CANARY,
186,HELLO SAILOR BATHROOM SET,
187,WRAP BAD HAIR DAY,
188,CHARLIE AND LOLA FIGURES TINS,
189,PIECE OF CAMO STATIONERY SET,
190,WINE BOTTLE DRESSING LT.BLUE,
191,DOORMAT CHRISTMAS VILLAGE,
192,MONTANA DIAMOND CLUSTER NECKLACE,
193,"RUBY GLASS NECKLACE 42""",
194,PINK SMALL GLASS CAKE STAND,
195,FLAG OF ST GEORGE CHAIR,
196,YELLOW PINK FLOWER DESIGN BIG BOWL,
197,FRENCH CHATEAU OVAL PLATTER,
198,ASSORTED SANSKRIT MINI NOTEBOOK,
199,BLUE FLOWER DES PURSE,
200,ELVIS WALLHANGING / CURTAIN,
201,AMETHYST 3 BEAD DROP EARRINGS,
202,BIG POLKADOT MUG,
203,GREEN MURANO TWIST NECKLACE,
204,PINK/AMETHYST/GOLD NECKLACE,
205,ASSORTED COLOUR SILK GLASSES CASE,
206,thrown away-can't sell.,1
207,thrown away-can't sell,1
208,DOUGHNUT LIP GLOSS ,
209,ICE CREAM SUNDAE LIP GLOSS,
210,ICE CREAM PEN LIP GLOSS ,
211,OPEN CLOSED METAL SIGN,
212,WINE BOTTLE DRESSING DARK BLUE,
213,CROCHET BEAR RED/BLUE  KEYRING,
214,FAN BLACK FRAME ,
215,SET OF 5 PANCAKE DAY MAGNETS,
216,SET OF 4 JAM JAR MAGNETS,
217,SET OF 5 MINI GROCERY MAGNETS,
218,KNICKERBOCKERGLORY MAGNET ASSORTED ,
219,PACK 4 FLOWER/BUTTERFLY PATCHES,
220,SET OF 5 LUCKY CAT MAGNETS ,
221,JARDIN ETCHED GLASS LARGE BELL JAR,
222,MUMMY MOUSE RED GINGHAM RIBBON,
223,FRENCH CHATEAU SMALL FRUITBOWL,
224,FRENCH CHATEAU LARGE FRUIT BOWL ,
225,LUSH GREENS RIBBONS,
226,BRIGHT BLUES RIBBONS ,
227,SMALL TAHITI BEACH BAG,
228,GOLDIE LOOKING MIRROR,
229,ORANGE FELT VASE + FLOWERS,
230,SET OF 6 NATIVITY MAGNETS ,
231,SET OF 12 ROSE BOTANICAL T-LIGHTS,
232,CROCHET WHITE RABBIT KEYRING ,
233,SILVER/BLACK ORBIT NECKLACE,
234,VINTAGE BEAD COSMETIC BAG ,
235,ENAMEL BLUE RIM TEA CONTAINER,
236,BEACH HUT MIRROR,
237,BLUE CAT BISCUIT BARREL PINK HEART,
238,damages,1
239,PINK ROUND COMPACT MIRROR,
240,BLUE SQUARE COMPACT MIRROR,
241,CHILDRENS CUTLERY DOLLY GIRL ,
242,CHILDRENS CUTLERY SPACEBOY ,
243,NEW BAROQUE B'FLY NECKLACE PINK,
244,CHILDRENS CUTLERY CIRCUS PARADE,
245,BOTANICAL LILY GIFT WRAP,
246,BAROQUE BUTTERFLY EARRINGS BLACK,
247,YELLOW/ORANGE FLOWER DESIGN PLATE,
248,SWEETHEART KEY CABINET,
249,CHARLOTTE BAG VINTAGE ALPHABET ,
250,JUMBO BAG ALPHABET,
251,LUNCH BAG ALPHABET DESIGN,
252,JUMBO BAG APPLES,
253,LUNCH BAG APPLE DESIGN,
254,CHARLOTTE BAG APPLES DESIGN,
255,CHARLOTTE BAG ALPHABET  DESIGN,
256,KIDS CUTLERY SPACEBOY ,
257,KIDS CUTLERY DOLLY GIRL ,
258,LUNCH BAG VINTAGE LEAF DESIGN,
259,damaged,1
260,Damaged,1
261,PINK FEATHERS CURTAIN,
262,PADS TO MATCH ALL CUSHIONS,
263,CHARLIE AND LOLA TABLE TINS,
264,SET OF 4 GREEN CAROUSEL COASTERS,
265,3 BIRDS CANVAS SCREEN,
266,LARGE DECO JEWELLERY STAND,
267,PASTEL BLUE PHOTO ALBUM ,
268,HEART BEADED TRELLIS DECORATION,
269,GEMSTONE CHANDELIER T-LIGHT HOLDER,
270,16 PIECE CUTLERY SET PANTRY DESIGN,
271,BEADED CHANDELIER T-LIGHT HOLDER,
272,CHILDRENS TOY COOKING UTENSIL SET,
273,BLACK GLASS/SHELL/PEARL NECKLACE,
274,SMALL DECO JEWELLERY STAND,
275,ALUMINIUM STAMPED HEART,
276,DOUBLE CERAMIC PARLOUR HOOK,
277,ZINC SWEETHEART WIRE LETTER RACK,
278,"FLOWER GLASS GARLAND NECKL.36""BLUE",
279,PARLOUR CERAMIC WALL HOOK,
280,GEORGIAN TRINKET BOX,
281,ORANGE/FUSCHIA STONES NECKLACE,
282,COTE D'AZURE NECKLACE,
283,TRIPLE HOOK ANTIQUE IVORY ROSE,
284,VINTAGE EMBOSSED HEART,
285,GOLD WINE GOBLET,
286,GOLD APERITIF GLASS,
287,IVORY CHANDELIER T-LIGHT HOLDER,
288,FLOWERS CHANDELIER T-LIGHT HOLDER,
289,ROSE DU SUD CUSHION COVER ,
290,TRIPLE WIRE HOOK IVORY HEART,
291,TRIPLE WIRE HOOK PINK HEART,
292,SMALL ZINC HEART WALL ORGANISER,
293,SMALL IVORY HEART WALL ORGANISER,
294,MARIE ANTOIENETT TRINKET BOX GOLD,
295,IVORY SWEETHEART WIRE LETTER RACK ,
296,LARGE ZINC HEART WALL ORGANISER,
297,LARGE IVORY HEART WALL ORGANISER,
298,60 GOLD AND SILVER FAIRY CAKE CASES,
299,SINGLE ANTIQUE ROSE HOOK IVORY,
300,MINIATURE ANTIQUE ROSE HOOK IVORY,
301,ZINC T-LIGHT HOLDER STARS SMALL,
302,IVORY WIRE KITCHEN ORGANISER,
303,IVORY WIRE SWEETHEART LETTER TRAY,
304,SINGLE WIRE HOOK PINK HEART,
305,SINGLE WIRE HOOK IVORY HEART,
306,IVORY SWEETHEART SOAP DISH,
307,ZINC T-LIGHT HOLDER STAR LARGE,
308,BAROQUE BUTTERFLY EARRINGS RED,
309,ZINC WIRE SWEETHEART LETTER TRAY,
310,LILAC VOTIVE CANDLE,
311,TEATIME GEL PENS ASST,
312,EDWARDIAN PHOTO FRAME,
313,MAXWELL 2 TONE BLUE 60 PAGE PHOTO A,
314,MISTLETOE HEART WREATH CREAM,
315,HANGING ENGRAVED METAL HEART,
316,BLUE TABLE RUN FLOWER,
317,BLUE STRIPES SHOULDER BAG,
318,BLUE CHECK BAG W HANDLE 34X20CM,
319,LASER CUT MULTI STRAND NECKLACE,
320,REGENCY SUGAR TONGS,
321,DOORMAT KEEP CALM AND COME IN,
322,DOORMAT VINTAGE LEAVES DESIGN ,
323,REGENCY TEA STRAINER,
324,FLAG OF ST GEORGE CAR FLAG,
325,HAYNES CAMPER SHOULDER BAG,
326,FRENCH LATTICE CUSHION COVER ,
327,SMALL ZINC/GLASS CANDLEHOLDER,
328,GOLD FLOWER CUSHION COVER ,
329,SET OF 10 LANTERNS FAIRY LIGHT STAR,
330,PAPER LANTERN 7 POINT SNOW STAR,
331,PAPER LANTERN 9 POINT SNOW STAR,
332,PAPER LANTERN 9 POINT SNOW STAR ,
333,CINDERELLA CHANDELIER ,
334,BLING KEY RING STAND,
335,MULTICOLOUR POLKADOT PLATE,
336,MISTLETOE HEART WREATH GREEN,
337,WHITE 3 FRAME BIRDS AND TREE ,
338,WRAP SUMMER ROSE DESIGN,
339,FRENCH PAISLEY CUSHION COVER,
340,REGENCY TEA SPOON,
341,REGENCY CAKE FORK,
342,REGENCY CAKE SLICE,
343,ANTIQUE IVORY WIRE BOWL SMALL,
344,MINITURE ANTIQUE ROSE HOOK IVORY,
345,PINK FLOCK PHOTO FRAME ,
346,ZINC WIRE KITCHEN ORGANISER,
347,FOOD COVER WITH BEADS SET 2 ,
348,SPOTTY BUNTING,
349,EDWARDIAN HEART PHOTO FRAME,
350,ZINC SWEETHEART SOAP DISH,
351,CRYSTAL STUD EARRINGS CLEAR DISPLAY,
352,PAPER LANTERN 9 POINT HOLLY STAR 40,
353,PAPER LANTERN 5 POINT STAR MOON 30,
354,PAPER LANTERN 6 POINT SNOW STAR,
355,"BUNTING , SPOTTY ",
356,POLYESTER FILLER PAD 60x40cm,
357,mailout ,1
358,mailout,1
359,BLUE DISCO HANDBAG,
360,JUMBO BAG VINTAGE LEAF,
361,JUMBO BAG PEARS,
362,JUMBO BAG DOILEY PATTERNS,
363,LUNCH BAG DOILEY PATTERN ,
364,MARIE ANTOINETTE TRINKET BOX GOLD,
365,MARIE ANTOINETTE TRINKET BOX SILVER,
366,PAPER LANTERN 9 POINT HOLLY STAR L,
367,PAPER LANTERN 9 POINT DELUXE STAR,
368,PAPER LANTERN 5 POINT SEQUIN STAR,
369,PAPER LANTERN 9 POINT HOLLY STAR S,
370,PAPER LANTERN 9 POINT HOLLY STAR 23,
371,PAPER LANTERN 5 POINT STUDDED STAR,
372,"FOOD COVER WITH BEADS , SET 2 SIZES",
373,FLOWER GARLAND NECKLACE RED,
374,CRYSTAL CZECH CROSS PHONE CHARM,
375,FOLDING BUTTERFLY MIRROR IVORY ,
376,FOLDING BUTTERFLY MIRROR HOT PINK ,
377,BUNDLE OF 3 SCHOOL EXERCISE BOOKS  ,
378,BUNDLE OF 3 RETRO NOTE BOOKS,
379,BUNDLE OF 3 ALPHABET EXERCISE BOOKS,
380,BUNDLE OF 3 RETRO EXERCISE BOOKS,
381,REGENCY MILK JUG PINK ,
382,REGENCY SUGAR BOWL GREEN,
383,REGENCY TEAPOT ROSES ,
384,REGENCY TEA PLATE PINK,
385,REGENCY TEA PLATE GREEN ,
386,REGENCY TEA PLATE ROSES ,
387,GREEN METAL BOX ARMY SUPPLIES,
388,RABBIT NIGHT LIGHT,
389,FOLDING BUTTERFLY MIRROR RED  ,
390,SET OF 4 FAIRY CAKE PLACEMATS ,
391,PARISIENNE JEWELLERY DRAWER ,
392,PETIT TRAY CHIC,
393,ZINC HERB GARDEN CONTAINER,
394,LE GRAND TRAY CHIC SET,
395,SET OF 10 LED DOLLY LIGHTS,
396,RED METAL BOX TOP SECRET,
397,GREEN METAL BOX TOP SECRET,
398,PARISIENNE KEY CABINET ,
399,Thrown away-rusty,1
400,SILVER BELLS TABLE DECORATION,
401,SILVER HEARTS TABLE DECORATION,
402,VINTAGE ENGRAVED HEART,
403,SET 6 PAPER TABLE LANTERN HEARTS ,
404,FLOWERS HANDBAG blue and orange,
405,SMALL PARISIENNE HEART PHOTO FRAME ,
406,FOLDING MIRROR HOT PINK ,
407,LED TEA LIGHTS,
408,BELL HEART DECORATION,
409,ALUMINIUM HEART,
410,CRYSTAL CHANDELIER T-LIGHT HOLDER,
411,PARISIENNE CURIO CABINET,
412,PARISIENNE SEWING BOX,
413,TOADSTOOL BEDSIDE LIGHT ,
414,SMALL CERAMIC TOP STORAGE JAR ,
415,IVORY PANTRY HANGING LAMP ,
416,CLASSIC SUGAR DISPENSER,
417,MISELTOE HEART WREATH WHITE,
418,MISELTOE HEART WREATH ,
419,CLASSIC GLASS SWEET JAR,
420,LARGE CERAMIC TOP STORAGE JAR,
421,LARGE JEWELLERY STAND,
422,SMALL JEWELLERY STAND,
423,SILVER STARS TABLE DECORATION,
424,GLASS BON BON JAR,
425,WHITE WIRE PLANT POT HOLDER,
426,CLASSIC GLASS COOKIE JAR,
427,CLASSIC CAFE SUGAR DISPENSER,
428,ZINC HEART FLOWER T-LIGHT HOLDER,
429,JINGLE BELL HEART DECORATION,
430,ZINC HEARTS PLANT POT HOLDER,
431,WHITE HEARTS WIRE PLANT POT HOLDER,
432,ZINC  HEART T-LIGHT HOLDER,
433,METAL HERB GERDEN CONTAINER,
434,ZINC PLANT POT HOLDER,
435,FOLDING MIRROR IVORY ,
436,FOLDING MIRROR RED  ,
437,"PEARL & SHELL 42""NECKL. IVORY",
438,SET 6 PAPER TABLE LANTERN STARS ,
439,GARDENERS KNEELING PAD KEEP CALM ,
440,GARDENERS KNEELING PAD CUP OF TEA ,
441,KNEELING MAT HOUSEWORK  DESIGN,
442,ENGLISH ROSE SCENTED HANGING HEART,
443,VINTAGE GLASS T-LIGHT HOLDER,
444,LARGE ANTIQUE WHITE PHOTO FRAME,
445,ANTIQUE SILVER BAUBLE LAMP  ,
446,FRENCH CARRIAGE LANTERN,
447,ZINC  STAR T-LIGHT HOLDER ,
448,wet/rusty,1
449,FUNKY FLOWER PICNIC BAG FOR 4,
450,WHITE SQUARE TABLE CLOCK,
451,HEART SHAPED HOLLY WREATH,
452,LILY BROOCH WHITE/SILVER COLOUR,
453,BLUE DELPHINIUM ARTIFICIAL FLOWER,
454,IVORY CAFE HANGING LAMP ,
455,RED PEONY CUSHION COVER ,
456,GREEN PEONY CUSHION COVER,
457,SILVER FLOWR PINK SHELL NECKLACE,
458,ZINC T-LIGHT HOLDER STARS LARGE,
459,3 GARDENIA MORRIS BOXED CANDLES,
460,16 PC CUTLERY SET PANTRY DESIGN,
461,CAPIZ CHANDELIER,
462,SILVER BLACK ORBIT DROP EARRINGS,
463,FILIGREE HEART BIRD WHITE ,
464,BISCUITS SMALL BOWL LIGHT BLUE,
465,FILIGREE HEART BUTTERFLY WHITE ,
466,ZINC STAR T-LIGHT HOLDER ,
467,Next Day Carriage,1
468,CHERRY BLOSSOM PURSE,
469,FILIGREE HEART DAISY WHITE,
470,REINDEER HEART DECORATION SILVER,
471,CHAMPAGNE TRAY BLANK CARD,
472,JINGLE BELL HEART ANTIQUE GOLD,
473,JINGLE BELL HEART ANTIQUE SILVER,
474,WHITE ROCKING HORSE HAND PAINTED,
475,STAR WREATH DECORATION WITH BELL,
476,HEART WREATH DECORATION WITH BELL,
477,LAUREL STAR ANTIQUE SILVER ,
478,CHERUB HEART DECORATION GOLD,
479,RED ROCKING HORSE HAND PAINTED,
480,LAUREL HEART ANTIQUE GOLD,
481,LAUREL HEART ANTIQUE SILVER,
482,CHERUB HEART DECORATION SILVER ,
483,WHITE STITCHED WALL CLOCK,
484,wet damaged,1
485,SET OF 3 HANGING OWLS OLLIE BEAK,
486,SET OF 3 WOODEN HEART DECORATIONS,
487,PAPER LANTERN 5 POINT STAR MOON ,
488,SET OF 60 I LOVE LONDON CAKE CASES ,
489,SET OF 2 CERAMIC PAINTED HEARTS ,
490,SET OF 60 PANTRY DESIGN CAKE CASES ,
491,SET OF 36 DOILIES PANTRY DESIGN,
492,SET OF 60 VINTAGE LEAF CAKE CASES ,
493,HEART T-LIGHT HOLDER WILLIE WINKIE,
494,STAR T-LIGHT HOLDER WILLIE WINKIE,
495,BAROQUE BUTTERFLY EARRINGS MONTANA,
496,MIRRORED WALL ART SNOWFLAKES,
497,POP ART PUSH DOWN RUBBER ,
498,WHITE FRANGIPANI HAIR CLIP,
499,SET OF 4 KNICK KNACK TINS DOILEY ,
500,SET OF 4 KNICK KNACK TINS LONDON ,
501,VINTAGE KEEPSAKE BOX PINK FLOWER,
502,SET OF TEA COFFEE SUGAR TINS PANTRY,
503,PINK FLOCK SUEDE CUSHION COVER ,
504,SET OF 3 REGENCY CAKE TINS,
505,SET OF 4 KNICK KNACK TINS POPPIES,
506,DOILEY STORAGE TIN,
507,STORAGE TIN VINTAGE LEAF,
508,TREASURE TIN GYMKHANA DESIGN,
509,TREASURE TIN BUFFALO BILL ,
510,BISCUIT TIN 50'S CHRISTMAS,
511,ROUND STORAGE TIN VINTAGE LEAF,
512,SET OF 4 KNICK KNACK TINS LEAVES ,
513,36 DOILIES VINTAGE CHRISTMAS,
514,"METAL SIGN,CUPCAKE SINGLE HOOK",
515,FOLKART CHRISTMAS TREE T-LIGHT HOLD,
516,BUBBLEGUM RING ASSORTED,
517,SMALL WHITE HEART OF WICKER,
518,DOILEY BISCUIT TIN,
519,REINDEER HEART DECORATION GOLD,
520,SET OF 3 WOODEN SLEIGH DECORATIONS,
521,SET OF 3 WOODEN TREE DECORATIONS,
522,SET OF 3 WOODEN STOCKING DECORATION,
523,DANISH ROSE UMBRELLA STAND,
524,sold as set on dotcom,1
525,SET OF 2 CERAMIC CHRISTMAS TREES,
526,SET OF 2 CERAMIC CHRISTMAS REINDEER,
527,VINTAGE RED ENAMEL TRIM JUG ,
528,LARGE WHITE HEART OF WICKER,
529,DOLPHIN WINDMILL,
530,BLUE VINTAGE SPOT BEAKER,
531,EGG FRYING PAN RED ,
532,PINK VINTAGE SPOT BEAKER,
533,GREEN VINTAGE SPOT BEAKER,
534,JUMBO BAG VINTAGE CHRISTMAS ,
535,GLASS BEAD HOOP NECKLACE BLACK,
536,"FLOWER GLASS GARLAND NECKL.36""GREEN",
537,ANTIQUE MID BLUE FLOWER EARRINGS,
538,CHRISTMAS TABLE CANDLE SILVER SPIKE,
539,EGG FRYING PAN IVORY ,
540,EGG FRYING PAN BLUE ,
541,EGG FRYING PAN PINK ,
542,EGG FRYING PAN MINT ,
543,SPACE BOY CHILDRENS CUP,
544,DOLLY GIRL CHILDRENS CUP,
545,DOLLY GIRL CHILDRENS BOWL,
546,SPACEBOY CHILDRENS BOWL,
547,RED VINTAGE SPOT BEAKER,
548,VINTAGE  2 METER FOLDING RULER,
549,BISCUIT TIN VINTAGE LEAF,
550,CANNISTER VINTAGE LEAF DESIGN,
551,VINTAGE RED ENAMEL TRIM MUG ,
552,VINTAGE RED ENAMEL TRIM PLATE,
553,VINTAGE RED TRIM ENAMEL BOWL ,
554,Printing smudges/thrown away,1
555,printing smudges/thrown away,1
556,VINTAGE DONKEY TAIL GAME ,
557,BISCUIT TIN VINTAGE CHRISTMAS,
558,GLASS APOTHECARY BOTTLE PERFUME,
559,GLASS APOTHECARY BOTTLE ELIXIR,
560,DRAWER KNOB CERAMIC IVORY,
561,CROCHET DOG KEYRING,
562,GLASS  SONGBIRD STORAGE JAR,
563,DRAWER KNOB CRACKLE GLAZE IVORY,
564,DRAWER KNOB CRACKLE GLAZE BLUE,
565,DRAWER KNOB CRACKLE GLAZE PINK,
566,DRAWER KNOB CRACKLE GLAZE GREEN,
567,DRAWER KNOB CERAMIC RED,
568,DRAWER KNOB CERAMIC BLACK,
569,GLASS APOTHECARY BOTTLE TONIC,
570,DONKEY TAIL GAME ,
571,TRANSPARENT ACRYLIC TAPE DISPENSER,
572, TOADSTOOL BEDSIDE LIGHT ,
573,JUMBO BAG 50'S CHRISTMAS ,
574,DOORKNOB CRACKED GLAZE IVORY,
575,DOORKNOB CRACKED GLAZE BLUE,
576,SMALL BONNE JAM JAR  T-LIGHT HOLDER,
577,GLASS TWIST BON BON JAR,
578,DRAWER KNOB VINTAGE GLASS STAR,
579,PACK OF 6 LARGE FRUIT STRAWS ,
580,SPACEBOY CHILDRENS CUP,
581,CORDIAL GLASS JUG,
582,COCKTAIL SWORDS 50 PIECES,
583,PARTY CHARMS 50 PIECES,
584,PACK OF 6 SMALL FRUIT STRAWS,
585,PACK OF 6 COCKTAIL PARASOL STRAWS,
586,18PC WOODEN CUTLERY SET DISPOSABLE,
587,6PC WOOD PLATE SET DISPOSABLE,
588,T-LIGHT HOLDER SILVER HEART HANDLE,
589,GLASS BONNE JAM JAR,
590,RIDGED BONNE JAM JAR T-LIGHT HOLDER,
591,CLASSICAL ROSE TABLE LAMP,
592,SMALL APOTHECARY MEASURING JAR ,
593,TREE T-LIGHT HOLDER WILLIE WINKIE,
594,T-LIGHT HOLDER SILVER PETIT FOUR ,
595,PANTRY MAGNETIC  SHOPPING LIST,
596,DRAWER KNOB VINTAGE GLASS HEXAGON,
597,LARGE BONNE JAM JAR  T-LIGHT HOLDER,
598,CHRISTMAS TREE HANGING SILVER ,
599,CHRISTMAS TREE HANGING GOLD,
600,SKETCHBOOK MAGNETIC SHOPPING LIST,
601,RETRO LEAVES MAGNETIC NOTEPAD,
602,SET OF 4 SANTA PLACE SETTINGS,
603,WHITE WICKER STAR ,
604,IVORY REFECTORY CLOCK,
605,RED REFECTORY CLOCK ,
606,MINT DINER WALL CLOCK,
607,PINK DINER WALL CLOCK,
608,RETO LEAVES MAGNETIC SHOPPING LIST,
609,CANDLE HOLDER SILVER MADELINE,
610,VEGETABLE MAGNETIC  SHOPPING LIST,
611,CHRISTMAS TABLE SILVER CANDLE SPIKE,
612,DIAMANTE NECKLACE PURPLE,
613,BLUE REFECTORY CLOCK ,
614,APOTHECARY MEASURING JAR,
615,LARGE APOTHECARY MEASURING JAR ,
616,DOORKNOB CRACKED GLAZE PINK,
617,DOORKNOB CRACKED GLAZE GREEN,
618,DRAWER KNOB VINTAGE GLASS BALL,
619,GLASS SONGBIRD STORAGE JAR,
620,TRAVEL CARD WALLET VINTAGE LEAF,
621,PINK EASTER HENS+FLOWER,
622,BELL HEART ANTIQUE GOLD,
623,LEAVES MAGNETIC  SHOPPING LIST,
624,BOX OF 6 MINI VINTAGE CRACKERS,
625,BAROQUE BUTTERFLY EARRINGS CRYSTAL,
626,ROSE SCENT CANDLE IN JEWELLED BOX,
627,ROUND BLUE CLOCK WITH SUCKER,
628,ROUND PURPLE CLOCK WITH SUCKER,
629,FLOWER BLUE CLOCK WITH SUCKER,
630,SET OF 4 KNICK KNACK TINS LEAF,
631,GIANT 50'S CHRISTMAS CRACKER,
632,DOORMAT VINTAGE LEAF,
633,PACKING CHARGE,
634,VINTAGE LEAF MAGNETIC NOTEPAD,
635,GREEN CRYSTAL DROP EARRINGS,
636,TRAVEL CARD WALLET DOTCOMGIFTSHOP,
637,BOX OF 6 MINI 50'S CRACKERS,
638,COPPER AND BRASS BAG CHARM,
639,IVORY GOLD METAL BAG CHARM,
640,WHITE WITH METAL BAG CHARM,
641,GREEN WITH METAL BAG CHARM,
642,SET/3 VANILLA SCENTED CANDLE IN BOX,
643,RED PEONY TABLE CLOCK,
644,LILAC FEATHERS CURTAIN,
645,VINTAGE BEAD PINK JEWEL BOX,
646,T-LIGHT HOLDER SILVER SAUCER,
647,GARDENIA 1 WICK MORRIS BOXED CANDLE,
648,VINTAGE CHRISTMAS BUNTING,
649,SET OF 6 TEA TIME BAKING CASES,
650,SET OF 6 SNACK LOAF BAKING CASES,
651,SET OF 12 FAIRY CAKE BAKING CASES,
652,SET OF 12 MINI LOAF BAKING CASES,
653,SET 40 HEART SHAPE PETIT FOUR CASES,
654,BROWN VINTAGE VICTORIAN EARRINGS,
655,PSYCHEDELIC METAL SIGN CALENDAR,
656,ROUND ARTICULATED PINK CLOCK W/SUCK,
657,PINK/BLUE STRING CURTAIN ,
658,ENAMEL JUG PANTRY,
659,ENAMEL BOWL PANTRY,
660,ENAMEL MUG PANTRY,
661,VINTAGE CHRISTMAS STOCKING ,
662,came coded as 20713,1
663,VINTAGE CHRISTMAS TABLECLOTH,
664,alan hodge cant mamage this section,1
665,AMBER BERTIE MOBILE PHONE CHARM,
666,PINK BEADS+HAND PHONE CHARM,
667,PACK OF SIX LED TEA LIGHTS,
668,VINTAGE CHRISTMAS GIFT SACK,
669,SPOTTED WHITE NATURAL SEED NECKLACE,
670,ORANGE PENDANT TRIPLE SHELL NECKLAC,
671,WRAP ALPHABET POSTER  ,
672,LAUREL STAR ANTIQUE GOLD,
673,BLUE/YELLOW CERAMIC CANDLE HOLDER,
674,GREEN/BLUE CERAMIC CANDLE HOLDER,
675,AMBER 3 BEAD DROP EARRINGS,
676,PURPLE DRESS JEWELLERY STAND,
677,WRAP BIRD GARDEN ,
678,WRAP PAISLEY PARK ,
679,THE KING GIFT BAG 25x24x12cm,
680,BLUE MONTE CARLO HANDBAG,
681,CUTE RABBIT CEATURE SCREEN ,
682,CUTE BIRD CEATURE SCREEN,
683,WRAP RED DOILEY,
684,WRAP FLOWER SHOP  ,
685,WRAP MAGIC FOREST ,
686,WHITE STONE/CRYSTAL EARRINGS,
687,BIRD ON BRANCH CANVAS SCREEN,
688,WRAP 50'S  CHRISTMAS,
689,SPACEBOY BEAKER,
690, DOLLY GIRL BEAKER,
691,I LOVE LONDON BEAKER,
692,ebay,1
693,DOORKNOB CERAMIC IVORY,
694,ORIENTAL RED CUSHION COVER ,
695,LIGHT PINK FLOCK GLASS CANDLEHOLDER,
696,VINTAGE CHRISTMAS CAKE FRILL,
697,MISELTOE HEART WREATH CREAM,
698,VINTAGE BEAD PINK JEWEL STAND,
699,SET 8 CANDLES VINTAGE DOILEY,
700,SET OF 12 T-LIGHTS VINTAGE DOILEY,
701,VINTAGE CHRISTMAS PAPER GIFT BAG,
702,GIFT BAG LARGE VINTAGE CHRISTMAS,
703,6 GIFT TAGS VINTAGE CHRISTMAS ,
704,6 GIFT TAGS 50'S CHRISTMAS ,
705,RED SPOT PAPER GIFT BAG,
706,Dotcomgiftshop Gift Voucher £100.00,1
707, RED SPOT GIFT BAG LARGE,
708,SET OF 12 FORK CANDLES,
709,BLUE PAINTED KASHMIRI CHAIR,
710,ROLL WRAP VINTAGE CHRISTMAS,
711,ROLL WRAP VINTAGE SPOT ,
712,GIFT BAG LARGE SPOT ,
713,ROLL WRAP 50'S RED CHRISTMAS ,
714,ROLL WRAP 50'S CHRISTMAS,
715,STORAGE TIN VINTAGE DOILEY ,
716,JUMBO BAG VINTAGE DOILEY ,
717,LUNCH BAG VINTAGE DOILEY ,
718,SET OF 4 KNICK KNACK TINS DOILY ,
719,RUSTIC STRAWBERRY JAMPOT LARGE ,
720,PURPLE ENAMEL+GLASS HAIR COMB,
721,JUMBO BAG VINTAGE DOILY ,
722,LUNCH BAG VINTAGE DOILY ,
723,SET 8 CANDLES VINTAGE DOILY,
724,STORAGE TIN VINTAGE DOILY ,
725,IVORY WICKER HEART LARGE,
726,DECORATIVE WICKER HEART LARGE,
727,DECORATIVE WICKER HEART MEDIUM,
728,IVORY WICKER HEART SMALL,
729,IVORY WICKER HEART MEDIUM,
730,SET 6 SCHOOL MILK BOTTLES IN CRATE,
731,SET OF 4 KNICK KNACK TINS  DOILEY ,
732,DECORATIVE WICKER HEART SMALL,
733,HANGING CLEAR MINI BOTTLE,
734,SET OF 12 T-LIGHTS VINTAGE DOILY,
735,HANGING MINI COLOURED BOTTLES,
736,RUSTIC STRAWBERRY JAMPOT SMALL,
737,"ACRYLIC JEWEL ANGEL,PINK",
738,WRAP RED VINTAGE DOILY,
739,Adjust bad debt,1
740,CRACKED GLAZE NECKLACE BROWN,
741,RUSTIC STRAWBERRY JAM POT SMALL,
742,PINK/WHITE CHRISTMAS TREE 30CM,
743,"ACRYLIC JEWEL ICICLE, BLUE",
744,RUSTIC STRAWBERRY JAM POT LARGE ,
745,VINTAGE CHRISTMAS GIFT BAG LARGE ,
746,HOT WATER BOTTLE SEX BOMB,
747,HOT STUFF HOT WATER BOTTLE,
748,50'S CHRISTMAS PAPER GIFT BAG,
749,LOVE HOT WATER BOTTLE,
750,3 BLACK CATS W HEARTS BLANK CARD,
751,HAPPY BIRTHDAY CARD STRIPEY TEDDY,
752,HOT WATER BOTTLE KEEP CALM,
753,DIAMANTE NECKLACE GREEN,
754, 50'S CHRISTMAS GIFT BAG LARGE,
755,CORDIAL JUG,
756,SET 4 VALENTINE DECOUPAGE HEART BOX,
757,ICE CREAM BUBBLES,
758,HAND WARMER RED LOVE HEART,
759,NATURAL HANGING QUILTED HEARTS ,
760,HANGING QUILTED PATCHWORK APPLES,
761,HAPPY BIRTHDAY CARD TEDDY/CAKE,
762,FILIGREE DIAMANTE CHAIN,
763,CRUK Commission,1
764,PRETTY HANGING QUILTED HEARTS,
765,PACK OF 12 VINTAGE CHRISTMAS TISSUE,
766,PACK OF 12 50'S CHRISTMAS TISSUES,
767,PACK OF 12 PAISLEY PARK TISSUES ,
768,?,1
769,SET 10 CARDS PERFECT POST 17090,
770,SET 10 CARD CHRISTMAS WELCOME 17112,
771,SET 10 CARDS XMAS CHOIR 17068,
772,MINT DINER CLOCK,
773,BUTTERFLY CUSHION COVER,
774,BELLE JARDINIERE CUSHION COVER,
775,POSTE FRANCE CUSHION COVER,
776,SET OF 2 TRAYS HOME SWEET HOME,
777,HOME SWEET HOME CUSHION COVER ,
778,STOOL HOME SWEET HOME ,
779,FOOT STOOL HOME SWEET HOME ,
780,PACK OF 12 DOLLY GIRL TISSUES,
781,HOME SWEET HOME HANGING HEART,
782, TRELLIS COAT RACK,
783,HANGING HEART BONHEUR,
784,LA JARDIN BOTANIQUE CUSHION COVER,
785,STORAGE TIN HOME SWEET HOME,
786,ZINC BOX SIGN HOME,
787,GINGHAM RECIPE BOOK BOX,
788,HOME SWEET HOME BLACKBOARD,
789,HOME SWEET HOME KEY HOLDER,
790,HOME SWEET HOME 2 DRAWER CABINET,
791,PACK OF 12 RED APPLE TISSUES,
792,PACK OF 12 VINTAGE LEAF TISSUES ,
793,PACK OF 12 VINTAGE DOILY TISSUES,
794,HOME SWEEET HOME 3 PEG HANGER ,
795,LETTER HOLDER HOME SWEET HOME,
796,GIFT BAG LARGE 50'S CHRISTMAS,
797,METAL SIGN DROP YOUR PANTS,
798,HEART MIRROR ANTIQUE WHITE,
799,SPACEBOY ROCKET LOLLY MAKERS,
800,SHELF WITH 4 HOOKS HOME SWEET HOME,
801,ENAMEL DINNER PLATE PANTRY,
802,SET 10 CARDS 12 DAYS WRAP  17058,
803,SET 10 CARDS OUT OF ORDER 17216,
804,HOME SWEET HOME HOOK,
805,BATHROOM HOOK,
806,HOME SWEET HOME 3 PEG HANGER ,
807,VINTAGE COFFEE GRINDER BOX,
808,PHOTO FRAME LINEN AND LACE LARGE,
809,SET 10 CARDS SCOTTIE DOG 17211,
810,PHOTO FRAME LINEN AND LACE SMALL,
811,RUSTIC MIRROR WITH LACE HEART,
812,PANTRY HOOK BALLOON WHISK ,
813,SET 10 XMAS CARDS & BADGES 17070,
814,SET 10 CARDS JINGLE BELLS 16957,
815,CURIO CABINET LINEN AND LACE ,
816,Crushed,1
817,WOODLAND BUNNIES LOLLY MAKERS,
818,PANTRY 3 HOOK ROLLING PIN HANGER,
819,PANTRY HOOK SPATULA,
820,temp adjustment,1
821,3 RAFFIA RIBBONS VINTAGE CHRISTMAS,
822,LAVENDER TOILETTE BOTTLE,
823,HOME SWEET HOME BOTTLE ,
824,3 RAFFIA RIBBONS 50'S CHRISTMAS ,
825, I LOVE LONDON MINI BACKPACK,
826,DOLLY GIRL MINI BACKPACK,
827,SPACEBOY MINI BACKPACK,
828,EMBOSSED HEART TRINKET BOX,
829,WOODLAND MINI BACKPACK,
830,PAINTED HEART WREATH WITH BELL,
831,allocate stock for dotcom orders ta,1
832,CHAMBRE HOOK,
833,SET 10 CARDS RED RIDING HOOD 17214,
834,add stock to allocate online orders,1
835,for online retail orders,1
836,SET 10 CARDS HATS & STOCKINGS 17081,
837,CHRISTMAS HANGING SNOWFLAKE,
838,PANTRY HOOK TEA STRAINER ,
839,SET 6 CARDS SPARKLY REINDEER 17262,
840,SET 10 CARDS MAGICAL TREE 17086,
841,PANTRY CHOPPING BOARD,
842,Amazon,1
843,"ACRYLIC HANGING JEWEL,PINK",
844,BLUE CLIMBING HYDRANGA ART FLOWER,
845,found,1
846,LE JARDIN BOTANIQUE CUSHION COVER,
847,website fixed,1
848,FAIRY CAKE DESIGN UMBRELLA,
849,SET 10 CARDS DRESSING UP 17077,
850,SET 10 CARDS HANGING BAUBLES 17080,
851,PLAYING CARDS KEEP CALM & CARRY ON,
852,SET 12 COLOURING PENCILS DOILY,
853,SET 12 COLOUR PENCILS SPACEBOY ,
854,PLAYING CARDS JUBILEE UNION JACK,
855,SET 36 COLOUR PENCILS SPACEBOY ,
856,MINI PLAYING CARDS SPACEBOY ,
857,PLAYING CARDS VINTAGE DOILEY ,
858,SET 36 COLOUR PENCILS DOILEY,
859,SET 12 COLOUR PENCILS DOILEY,
860,PACK OF 12 DOILEY TISSUES,
861,VINTAGE DOILY TRAVEL SEWING KIT,
862,SET 12 COLOUR PENCILS LOVE LONDON,
863,SET 36 COLOUR PENCILS LOVE LONDON,
864,EMBROIDERED RIBBON REEL RUBY ,
865,EMBROIDERED RIBBON REEL EMILY ,
866,EMBROIDERED RIBBON REEL REBECCA ,
867,SET 36 COLOURING PENCILS DOILY,
868,SET 12 COLOUR PENCILS DOLLY GIRL ,
869,PLAYING CARDS I LOVE LONDON ,
870,SET 36 COLOUR PENCILS DOLLY GIRL,
871,EMBROIDERED RIBBON REEL ROSIE,
872,EMBROIDERED RIBBON REEL DAISY ,
873,EMBROIDERED RIBBON REEL SALLY ,
874,EMBROIDERED RIBBON REEL RACHEL ,
875,MINI PLAYING CARDS GYMKHANA,
876,MINI PLAYING CARDS DOLLY GIRL ,
877,MINI PLAYING CARDS FUN FAIR ,
878,MINI PLAYING CARDS BUFFALO BILL ,
879,EMBROIDERED RIBBON REEL SUSIE ,
880,SET 10 CARD PERFECT NATIVITY 17089,
881,ROUND CACTUS CANDLE,
882,DOLLY GIRL MINI RUCKSACK,
883,SPACEBOY MINI RUCKSACK,
884,PLAYING CARDS VINTAGE DOILY ,
885,LARGE BLACK DIAMANTE HAIRSLIDE,
886,SET 10 CARDS CHRISTMAS ROBIN 17095,
887,SET 10 CARDS SNOWY SNOWDROPS  17100,
888,SET 10 CARDS CHEERFUL ROBIN 17065,
889,EMBROIDERED RIBBON REEL SOPHIE  ,
890,EMBROIDERED RIBBON REEL CLAIRE,
891,VINTAGE DOILY DELUXE SEWING KIT ,
892,SET 10 CARDS ROBIN WATERPUMP  17096,
893,SET 10 CARDS FILIGREE BAUBLE 16961,
894,SWEETHEART BIRD HOUSE,
895,TUSCAN VILLA DOVECOTE,
896,CARD HOLDER LOVE BIRD SMALL,
897,HEART TRELLISTRIPLE T-LIGHT HOLDER,
898,VINTAGE LEAF CHOPPING BOARD  ,
899,POPPY FIELDS CHOPPING BOARD,
900,RED APPLES CHOPPING BOARD   ,
901,SIX DRAWER OFFICE TIDY,
902,VEGETABLE GARDEN CHOPPING BOARD,
903,SET 10 CARDS CHRISTMAS TREE 16955,
904, NINE DRAWER OFFICE TIDY,
905,CARD HOLDER LOVE BIRD LARGE ,
906,HORSE & PONY WALL ART,
907,BICYCLE SAFTEY WALL ART,
908,STOP FOR TEA WALL ART,
909,WALL ART CLASSIC PUDDINGS ,
910,BUFFALO BILL WALL ART ,
911,WALL ART WORK REST AND PLAY  ,
912,WALL ART LOVES' SECRET ,
913,DOG AND BALL WALL ART,
914,DOG LICENCE WALL ART,
915,WALL ART GARDEN HAVEN ,
916,70'S ALPHABET WALL ART,
917,SPACEBOY WALL ART,
918,KEEP CALM WALL ART ,
919,WALL ART ONLY ONE PERSON ,
920,WALL ART VINTAGE HEART,
921,CAT AND BIRD WALL ART,
922,TREASURE AHOY WALL ART,
923,WALL ART BIG LOVE ,
924,ANIMALS AND NATURE WALL ART,
925,HANGING  BUTTERFLY T-LIGHT HOLDER,
926,DOLLY GIRL WALL ART,
927,VILLAGE SHOW WALL ART,
928,WALL ART MID CENTURY MODERN ,
929,WALL ART THE MAGIC FOREST ,
930,I LOVE LONDON WALL ART,
931,WALL ART KEEP CALM ,
932,WALL ART BICYCLE SAFTEY ,
933,WALL ART BUFFALO BILL ,
934,WALL ART VILLAGE SHOW ,
935,WALL ART STOP FOR TEA ,
936,WALL ART DOG LICENCE ,
937,WALL ART SPACEBOY,
938,SET 10 MINI SANTA & SNOWMAN  17087,
939,SET 10 CARDS DINKY TREE 17076,
940,WALL ART I LOVE LONDON ,
941,WALL ART 70'S ALPHABET ,
942,Lighthouse Trading zero invc incorr,1
943,Incorrect stock entry.,1
944,incorrect stock entry.,1
945,KEY RING BASEBALL BOOT ASSORTED ,
946,WALL ART HORSE & PONY ,
947,WALL ART ANIMALS AND NATURE ,
948,HEART TRELLIS TRIPLE T-LIGHT HOLDER,
949,WALL ART CAT AND BIRD ,
950,TUSCAN VILLA FEEDING STATION,
951,KEY RING BASEBALL BOOT UNION JACK,
952,WALL ART BICYCLE SAFETY,
953,VINTAGE  2 METRE FOLDING RULER,
954,WALL ART DOLLY GIRL ,
955,SET 10 CARDS 12 DAYS OF XMAS 17059,
956,SET 10 CARDS POINSETTIA 17093,
957,SET 10 CARDS CHRISTMAS HOLLY  17259,
958, I LOVE LONDON MINI RUCKSACK,
959,SET 36 COLOURING PENCILS DOILEY,
960,SET 12 COLOURING PENCILS DOILEY,
961,WOODLAND MINI RUCKSACK ,
962,WALL ART DOG AND BALL ,
963,wrongly coded 20713,1
964,"WALL ART , LOVES' SECRET ",
965,"WALL ART,ONLY ONE PERSON ",
966,"WALL ART ,PUDDINGS ",
967,SET 10 MINICARDS CUTE SNOWMAN 17071,
968,TUSCAN VILLA BIRD TABLE ,
969,UBO-LIGHT TRIOBASE PURPLE,
970,SILVER 2 STRAND NECKLACE-LEAF CHARM,
971,TUSCAN VILLA DOVECOTE BIRD FEEDER,
972,"WALL ART , THE MAGIC FOREST ",
973,CREAM BUNNY EASTER EGG BASKET,
974,PINK BUNNY EASTER EGG BASKET,
975,BLUE BUNNY EASTER EGG BASKET,
976,WALL ART TREASURE AHOY ,
977,S/4 BLACK DISCO PARTITION PANEL,
978,BLACK VINT ART DEC CRYSTAL BRACELET,
979,mouldy,1
980,smashed,1
981,BOX OF 6 CHRISTMAS CAKE DECORATIONS,
982,HENRIETTA HEN MUG ,
983,MILK MAIDS MUG ,
984,EGG CUP MILKMAID INGRID,
985,EGG CUP HENRIETTA HEN PINK,
986,SWEET HEART CAKE CARRIER,
987,T-LIGHT HOLDER HANGING LOVE BIRD,
988,OVAL  MINI PORTRAIT FRAME,
989,HEART MINI PORTRAIT FRAME,
990,SQUARE MINI PORTRAIT FRAME,
991,PEARLISED IVORY HEART LARGE ,
992,SET 10 CARD KRAFT REINDEER 17084,
993,DOLLY CABINET 2 DRAWERS ,
994,EGG CUP MILKMAID HELGA ,
995,MEDIUM PARLOUR PICTURE FRAME ,
996,VINTAGE ZINC WATERING CAN,
997,VINTAGE ZINC WATERING CAN SMALL,
998,LARGE PARLOUR PICTURE FRAME,
999,SMALL PARLOUR PICTURE FRAME,
1000,EGG CUP HENRIETTA HEN CREAM ,
1001,BLACK SQUARE TABLE CLOCK,
1002,EGG CUP MILKMAID HEIDI,
1003,VINTAGE ZINC PLANTER  ,
1004,WIRE EGG BASKET ,
1005,PEARLISED IVORY HEART SMALL ,
1006,DOLLY CABINET 3 DRAWERS ,
1007,SNACK TRAY I LOVE LONDON,
1008,Sale error,1
1009,DECROTIVEVINTAGE COFFEE GRINDER BOX,
1010,High Resolution Image,1
1011,LANDMARK FRAME LONDON BRIDGE ,
1012,LANDMARK FRAME COVENT GARDEN ,
1013,LANDMARK FRAME OXFORD STREET,
1014,LANDMARK FRAME BAKER STREET ,
1015,LANDMARK FRAME NOTTING HILL ,
1016,MINI LIGHTS WOODLAND MUSHROOMS,
1017,LANDMARK FRAME CAMDEN TOWN ,
1018,"GARLAND, VINTAGE BELLS",
1019,VINTAGE JINGLE BELLS HEART,
1020,VINTAGE JINGLE BELLS WREATH,
1021,WOODLAND LARGE BLUE FELT HEART,
1022,WOODLAND LARGE PINK FELT HEART,
1023,WOODLAND LARGE RED FELT HEART,
1024,ANTIQUE HEART SHELF UNIT,
1025,WOODLAND SMALL RED FELT HEART,
1026,SWEETHEART WALL TIDY ,
1027,ROCOCO WALL MIRROR WHITE,
1028,SET 12 VINTAGE DOILY CHALK ,
1029,BOTANICAL GARDENS WALL CLOCK ,
1030,VINTAGE BELLS GARLAND,
1031,ROCOCO WALL MIROR,
1032,TRADITIONAL PICK UP STICKS GAME ,
1033,SET OF 3 MINI HANGING PORTRAITS,
1034,TRADITIONAL NAUGHTS & CROSSES,
1035,TRADTIONAL ALPHABET STAMP SET,
1036,SET 4 PICNIC CUTLERY BLUEBERRY,
1037,THREE MINI HANGING FRAMES,
1038,WOODLAND SMALL BLUE FELT HEART,
1039,20713 wrongly marked,1
1040,SET 10 CARDS WISHING TREE 17116,
1041,VINTAGE DOILY JUMBO BAG RED ,
1042,LUNCH BAG PAISLEY PARK  ,
1043,JUMBO BAG PAISLEY PARK,
1044,UBO-LIGHT TRIOBASE BLUE,
1045,adjustment,1
1046,re-adjustment,1
1047,SET OF 36 VINTAGE CHRISTMAS DOILIES,
1048,Breakages,1
1049,DECORATIVE VINTAGE COFFEE  BOX,
1050,SET OF 36 PANTRY PAPER DOILIES,
1051,SET 4 PICNIC CUTLERY FONDANT,
1052,20713,1
1053,WOODLAND SMALL PINK FELT HEART,
1054,SET 10 CARDS PRINTED GRAPHIC 17219,
1055,SET 10 CHRISTMAS CARDS HOHOHO 16956,
1056,SET 10 CARD SNOWMAN 16965,
1057,Found by jackie,1
1058,CLASSIC CHROME BICYCLE BELL ,
1059,SET 4 PICNIC CUTLERY CHERRY ,
1060,SET OF 3 PANTRY WOODEN SPOONS,
1061,PANTRY KITCHEN THERMOMETER ,
1062,check,1
1063,SILVER RECORD COVER FRAME,
1064,SET 10 CARDS TRIANGLE ICONS  17220,
1065,SET 10 CARDS WORLD CHILDREN 17067,
1066,SET 10 CARDS CHRISTMAS BAUBLE 16954,
1067,WOVEN BUBBLE GUM CUSHION COVER,
1068,WOVEN BERRIES CUSHION COVER ,
1069,WOVEN CANDY CUSHION COVER ,
1070,WOVEN ROSE GARDEN CUSHION COVER ,
1071,SCOTTIE DOGS BABY BIB,
1072,"FEATHER PEN,COAL BLACK",
1073,CHARLIE+LOLA RED HOT WATER BOTTLE ,
1074,CHARLIE LOLA BLUE HOT WATER BOTTLE ,
1075,BLACK CHUNKY BEAD BRACELET W STRAP,
1076,"Unsaleable, destroyed.",1
1077,had been put aside,1
1078,LIGHT DECORATION BATTERY OPERATED,
1079,KEEP CALM BIRTHDAY WRAP,
1080,RUBY GLASS CLUSTER NECKLACE,
1081,WRAP KEEP CALM BIRTHDAY,
1082,SET 10 CARDS RUDOLPHS NOSE 17097,
1083,LUNCH BAG RED VINTAGE DOILY,
1084,BLACK SIL'T SQU CANDLE PLATE ,
1085,ANT SILVER TURQUOISE BOUDICCA RING,
1086,ST GEORGE SET OF 10 PARTY LIGHTS,
1087,WRAP A PRETTY THANK YOU,
1088,CLASSIC CROME BICYCLE BELL ,
1089,DOILY THANK YOU CARD,
1090,A PRETTY THANK YOU CARD,
1091,SET 10 CARDS JINGLE BELLS 17217,
1092,TUSCAN VILLA BIRD FEEDER,
1093,PAPER BUNTING VINTAGE PARTY,
1094,PAPER BUNTING PAISLEY PARK,
1095,SET 10 CARDS DAVID'S MADONNA 17074,
1096,SET 10 CARDS XMAS GRAPHIC  17218,
1097,LARGE PARLOUR FRAME,
1098,MEDIUM PARLOUR FRAME ,
1099,SMALL PARLOUR FRAME,
1100,SET 10 CARDS 3 WISE MEN 17107,
1101,FLOWER SHOP DESIGN MUG,
1102,ROSE FLOWER CANDLE+INCENSE 16X16CM,
1103,WHITE CHRISTMAS TREE 60CM,
1104,PAISLEY PARK CARD,
1105,SET 10 CARDS DECK THE HALLS 16960,
1106,12 HANGING EGGS HAND PAINTED,
1107,SET OF 6 EASTER RAINBOW CHICKS,
1108,DUSTY PINK CHRISTMAS TREE 60CM,
1109,IVORY RETRO KITCHEN WALL CLOCK,
1110,SET 10 CARD CHRISTMAS STAMPS 16963,
1111,sold with wrong barcode,1
1112,CAT WITH SUNGLASSES BLANK CARD,
1113,BLUE RETRO KITCHEN WALL CLOCK,
1114,dotcom adjust,1
1115,RED RETRO KITCHEN WALL CLOCK,
1116,rusty thrown away,1
1117,rusty throw away,1
1118,PURPLE FINE BEAD NECKLACE W TASSEL,
1119,HAND PAINTED HANGING EASTER EGG,
1120,VANILLA SCENT CANDLE JEWELLED BOX,
1121,ROMANTIC PINKS RIBBONS ,
1122,PAINT YOUR OWN EGGS IN CRATE,
1123,BICYCLE PUNCTURE REPAIR KIT ,
1124,CLASSIC BICYCLE CLIPS ,
1125,CROCHET LILAC/RED BEAR KEYRING,
1126,SILVER AND BLACK ORBIT NECKLACE,
1127,LARGE HEART FLOWERS HOOK   ,
1128,3 WHITE CHOC MORRIS BOXED CANDLES,
1129,SNACK TRAY RED GINGHAM,
1130,SNACK TRAY HAPPY FOREST  ,
1131,SNACK TRAY PAISLEY PARK,
1132,SET OF 6 RIBBONS COUNTRY STYLE,
1133,SNACK TRAY RED VINTAGE DOILY,
1134,SET OF 6 RIBBONS PERFECTLY PRETTY  ,
1135,SET OF 6 RIBBONS PARTY,
1136,SET 10 CARDS SNOWY ROBIN 17099,
1137,GREEN BITTY LIGHT CHAIN,
1138,SET 10 CARDS SWIRLY XMAS TREE 17104,
1139,wet?,1
1140,CHECK,1
1141,"LETTER ""U"" BLING KEY RING",
1142,missing,1
1143,SCOTTIES CHILDRENS APRON,
1144,"PAPER CRAFT , LITTLE BIRDIE",
